OrderID,ProductID,Quantity
O100,P001,1
O101,P002,2
O102,P003,3
O103,P004,4
O104,P005,5
O105,P006,1
O106,P007,2
O107,P008,3
O108,P009,4
O109,P010,5
O110,P011,1
O111,P012,2
O112,P013,3
O113,P014,4
O114,P015,5
O115,P016,1
O116,P017,2
O117,P018,3
O118,P019,4
O119,P020,5
O120,P001,1
O121,P002,2
O122,P003,3
O123,P004,4
O124,P005,5
O125,P006,1
O126,P007,2
O127,P008,3
O128,P009,4
O129,P010,5
O130,P011,1
O131,P012,2
O132,P013,3
O133,P014,4
O134,P015,5
O135,P016,1
O136,P017,2
O137,P018,3
O138,P019,4
O139,P020,5
O140,P001,1
O141,P002,2
O142,P003,3
O143,P004,4
O144,P005,5
O145,P006,1
O146,P007,2
O147,P008,3
O148,P009,4
O149,P010,5
O150,P011,1
O151,P012,2
O152,P013,3
O153,P014,4
O154,P015,5
O155,P016,1
O156,P017,2
O157,P018,3
O158,P019,4
O159,P020,5
O160,P001,1
O161,P002,2
O162,P003,3
O163,P004,4
O164,P005,5
O165,P006,1
O166,P007,2
O167,P008,3
O168,P009,4
O169,P010,5
O170,P011,1
O171,P012,2
O172,P013,3
O173,P014,4
O174,P015,5
O175,P016,1
O176,P017,2
O177,P018,3
O178,P019,4
O179,P020,5
O180,P001,1
O181,P002,2
O182,P003,3
O183,P004,4
O184,P005,5
O185,P006,1
O186,P007,2
O187,P008,3
O188,P009,4
O189,P010,5
O190,P011,1
O191,P012,2
O192,P013,3
O193,P014,4
O194,P015,5
O195,P016,1
O196,P017,2
O197,P018,3
O198,P019,4
O199,P020,5
O200,P001,1
O201,P002,2
O202,P003,3
O203,P004,4
O204,P005,5
O205,P006,1
O206,P007,2
O207,P008,3
O208,P009,4
O209,P010,5
O210,P011,1
O211,P012,2
O212,P013,3
O213,P014,4
O214,P015,5
O215,P016,1
O216,P017,2
O217,P018,3
O218,P019,4
O219,P020,5
O220,P001,1
O221,P002,2
O222,P003,3
O223,P004,4
O224,P005,5
O225,P006,1
O226,P007,2
O227,P008,3
O228,P009,4
O229,P010,5
O230,P011,1
O231,P012,2
O232,P013,3
O233,P014,4
O234,P015,5
O235,P016,1
O236,P017,2
O237,P018,3
O238,P019,4
O239,P020,5
O240,P001,1
O241,P002,2
O242,P003,3
O243,P004,4
O244,P005,5
O245,P006,1
O246,P007,2
O247,P008,3
O248,P009,4
O249,P010,5
O250,P011,1
O251,P012,2
O252,P013,3
O253,P014,4
O254,P015,5
O255,P016,1
O256,P017,2
O257,P018,3
O258,P019,4
O259,P020,5
O260,P001,1
O261,P002,2
O262,P003,3
O263,P004,4
O264,P005,5
O265,P006,1
O266,P007,2
O267,P008,3
O268,P009,4
O269,P010,5
O270,P011,1
O271,P012,2
O272,P013,3
O273,P014,4
O274,P015,5
O275,P016,1
O276,P017,2
O277,P018,3
O278,P019,4
O279,P020,5
O280,P001,1
O281,P002,2
O282,P003,3
O283,P004,4
O284,P005,5
O285,P006,1
O286,P007,2
O287,P008,3
O288,P009,4
O289,P010,5
O290,P011,1
O291,P012,2
O292,P013,3
O293,P014,4
O294,P015,5
O295,P016,1
O296,P017,2
O297,P018,3
O298,P019,4
O299,P020,5
O300,P001,1
O301,P002,2
O302,P003,3
O303,P004,4
O304,P005,5
O305,P006,1
O306,P007,2
O307,P008,3
O308,P009,4
O309,P010,5
O310,P011,1
O311,P012,2
O312,P013,3
O313,P014,4
O314,P015,5
O315,P016,1
O316,P017,2
O317,P018,3
O318,P019,4
O319,P020,5
O320,P001,1
O321,P002,2
O322,P003,3
O323,P004,4
O324,P005,5
O325,P006,1
O326,P007,2
O327,P008,3
O328,P009,4
O329,P010,5
O330,P011,1
O331,P012,2
O332,P013,3
O333,P014,4
O334,P015,5
O335,P016,1
O336,P017,2
O337,P018,3
O338,P019,4
O339,P020,5
O340,P001,1
O341,P002,2
O342,P003,3
O343,P004,4
O344,P005,5
O345,P006,1
O346,P007,2
O347,P008,3
O348,P009,4
O349,P010,5
O350,P011,1
O351,P012,2
O352,P013,3
O353,P014,4
O354,P015,5
O355,P016,1
O356,P017,2
O357,P018,3
O358,P019,4
O359,P020,5
O360,P001,1
O361,P002,2
O362,P003,3
O363,P004,4
O364,P005,5
O365,P006,1
O366,P007,2
O367,P008,3
O368,P009,4
O369,P010,5
O370,P011,1
O371,P012,2
O372,P013,3
O373,P014,4
O374,P015,5
O375,P016,1
O376,P017,2
O377,P018,3
O378,P019,4
O379,P020,5
O380,P001,1
O381,P002,2
O382,P003,3
O383,P004,4
O384,P005,5
O385,P006,1
O386,P007,2
O387,P008,3
O388,P009,4
O389,P010,5
O390,P011,1
O391,P012,2
O392,P013,3
O393,P014,4
O394,P015,5
O395,P016,1
O396,P017,2
O397,P018,3
O398,P019,4
O399,P020,5
O400,P001,1
O401,P002,2
O402,P003,3
O403,P004,4
O404,P005,5
O405,P006,1
O406,P007,2
O407,P008,3
O408,P009,4
O409,P010,5
O410,P011,1
O411,P012,2
O412,P013,3
O413,P014,4
O414,P015,5
O415,P016,1
O416,P017,2
O417,P018,3
O418,P019,4
O419,P020,5
O420,P001,1
O421,P002,2
O422,P003,3
O423,P004,4
O424,P005,5
O425,P006,1
O426,P007,2
O427,P008,3
O428,P009,4
O429,P010,5
O430,P011,1
O431,P012,2
O432,P013,3
O433,P014,4
O434,P015,5
O435,P016,1
O436,P017,2
O437,P018,3
O438,P019,4
O439,P020,5
O440,P001,1
O441,P002,2
O442,P003,3
O443,P004,4
O444,P005,5
O445,P006,1
O446,P007,2
O447,P008,3
O448,P009,4
O449,P010,5
O450,P011,1
O451,P012,2
O452,P013,3
O453,P014,4
O454,P015,5
O455,P016,1
O456,P017,2
O457,P018,3
O458,P019,4
O459,P020,5
O460,P001,1
O461,P002,2
O462,P003,3
O463,P004,4
O464,P005,5
O465,P006,1
O466,P007,2
O467,P008,3
O468,P009,4
O469,P010,5
O470,P011,1
O471,P012,2
O472,P013,3
O473,P014,4
O474,P015,5
O475,P016,1
O476,P017,2
O477,P018,3
O478,P019,4
O479,P020,5
O480,P001,1
O481,P002,2
O482,P003,3
O483,P004,4
O484,P005,5
O485,P006,1
O486,P007,2
O487,P008,3
O488,P009,4
O489,P010,5
O490,P011,1
O491,P012,2
O492,P013,3
O493,P014,4
O494,P015,5
O495,P016,1
O496,P017,2
O497,P018,3
O498,P019,4
O499,P020,5
O500,P001,1
O501,P002,2
O502,P003,3
O503,P004,4
O504,P005,5
O505,P006,1
O506,P007,2
O507,P008,3
O508,P009,4
O509,P010,5
O510,P011,1
O511,P012,2
O512,P013,3
O513,P014,4
O514,P015,5
O515,P016,1
O516,P017,2
O517,P018,3
O518,P019,4
O519,P020,5
O520,P001,1
O521,P002,2
O522,P003,3
O523,P004,4
O524,P005,5
O525,P006,1
O526,P007,2
O527,P008,3
O528,P009,4
O529,P010,5
O530,P011,1
O531,P012,2
O532,P013,3
O533,P014,4
O534,P015,5
O535,P016,1
O536,P017,2
O537,P018,3
O538,P019,4
O539,P020,5
O540,P001,1
O541,P002,2
O542,P003,3
O543,P004,4
O544,P005,5
O545,P006,1
O546,P007,2
O547,P008,3
O548,P009,4
O549,P010,5
O550,P011,1
O551,P012,2
O552,P013,3
O553,P014,4
O554,P015,5
O555,P016,1
O556,P017,2
O557,P018,3
O558,P019,4
O559,P020,5
O560,P001,1
O561,P002,2
O562,P003,3
O563,P004,4
O564,P005,5
O565,P006,1
O566,P007,2
O567,P008,3
O568,P009,4
O569,P010,5
O570,P011,1
O571,P012,2
O572,P013,3
O573,P014,4
O574,P015,5
O575,P016,1
O576,P017,2
O577,P018,3
O578,P019,4
O579,P020,5
O580,P001,1
O581,P002,2
O582,P003,3
O583,P004,4
O584,P005,5
O585,P006,1
O586,P007,2
O587,P008,3
O588,P009,4
O589,P010,5
O590,P011,1
O591,P012,2
O592,P013,3
O593,P014,4
O594,P015,5
O595,P016,1
O596,P017,2
O597,P018,3
O598,P019,4
O599,P020,5
